candidate_name,category_hint,source_title,source_url,source_year,accessed_date,notes
StartupYard,accelerator_candidate,RIS3 Analysis of Industrial Transformation - figure 17 (Dealroom 2025),https://ris3.gov.cz/sites/default/files/2025-08/20280819_Anal%C3%BDza%20vybran%C3%BDch%20t%C3%A9mat%20pr%C5%AFmyslov%C3%A9%20transformace_web_144dpi_75%25_0.pdf,2025,2026-10-09,Named in public 2025 Czech startup financing ecosystem table; presence does not establish direct VC fund status
Reflex Capital,vc_candidate,RIS3 Analysis of Industrial Transformation - figure 17 (Dealroom 2025),https://ris3.gov.cz/sites/default/files/2025-08/20280819_Anal%C3%BDza%20vybran%C3%BDch%20t%C3%A9mat%20pr%C5%AFmyslov%C3%A9%20transformace_web_144dpi_75%25_0.pdf,2025,2026-10-09,Named in public 2025 Czech startup financing ecosystem table; presence does not establish direct VC fund status
Lighthouse Ventures,vc_candidate,RIS3 Analysis of Industrial Transformation - figure 17 (Dealroom 2025),https://ris3.gov.cz/sites/default/files/2025-08/20280819_Anal%C3%BDza%20vybran%C3%BDch%20t%C3%A9mat%20pr%C5%AFmyslov%C3%A9%20transformace_web_144dpi_75%25_0.pdf,2025,2026-10-09,Named in public 2025 Czech startup financing ecosystem table; presence does not establish direct VC fund status
Presto Ventures,vc_candidate,RIS3 Analysis of Industrial Transformation - figure 17 (Dealroom 2025),https://ris3.gov.cz/sites/default/files/2025-08/20280819_Anal%C3%BDza%20vybran%C3%BDch%20t%C3%A9mat%20pr%C5%AFmyslov%C3%A9%20transformace_web_144dpi_75%25_0.pdf,2025,2026-10-09,Named in public 2025 Czech startup financing ecosystem table; presence does not establish direct VC fund status
Miton,investment_group_candidate,RIS3 Analysis of Industrial Transformation - figure 17 (Dealroom 2025),https://ris3.gov.cz/sites/default/files/2025-08/20280819_Anal%C3%BDza%20vybran%C3%BDch%20t%C3%A9mat%20pr%C5%AFmyslov%C3%A9%20transformace_web_144dpi_75%25_0.pdf,2025,2026-10-09,Named in public 2025 Czech startup financing ecosystem table; presence does not establish direct VC fund status
J&T Ventures,vc_candidate,RIS3 Analysis of Industrial Transformation - figure 17 (Dealroom 2025),https://ris3.gov.cz/sites/default/files/2025-08/20280819_Anal%C3%BDza%20vybran%C3%BDch%20t%C3%A9mat%20pr%C5%AFmyslov%C3%A9%20transformace_web_144dpi_75%25_0.pdf,2025,2026-10-09,Named in public 2025 Czech startup financing ecosystem table; presence does not establish direct VC fund status
Rockaway,investment_group_candidate,RIS3 Analysis of Industrial Transformation - figure 17 (Dealroom 2025),https://ris3.gov.cz/sites/default/files/2025-08/20280819_Anal%C3%BDza%20vybran%C3%BDch%20t%C3%A9mat%20pr%C5%AFmyslov%C3%A9%20transformace_web_144dpi_75%25_0.pdf,2025,2026-10-09,Named in public 2025 Czech startup financing ecosystem table; presence does not establish direct VC fund status
Kaya VC,vc_candidate,RIS3 Analysis of Industrial Transformation - figure 17 (Dealroom 2025),https://ris3.gov.cz/sites/default/files/2025-08/20280819_Anal%C3%BDza%20vybran%C3%BDch%20t%C3%A9mat%20pr%C5%AFmyslov%C3%A9%20transformace_web_144dpi_75%25_0.pdf,2025,2026-10-09,Named in public 2025 Czech startup financing ecosystem table; presence does not establish direct VC fund status
Czech Founders VC,vc_candidate,RIS3 Analysis of Industrial Transformation - figure 17 (Dealroom 2025),https://ris3.gov.cz/sites/default/files/2025-08/20280819_Anal%C3%BDza%20vybran%C3%BDch%20t%C3%A9mat%20pr%C5%AFmyslov%C3%A9%20transformace_web_144dpi_75%25_0.pdf,2025,2026-10-09,Named in public 2025 Czech startup financing ecosystem table; presence does not establish direct VC fund status
Purple Ventures,vc_candidate,RIS3 Analysis of Industrial Transformation - figure 17 (Dealroom 2025),https://ris3.gov.cz/sites/default/files/2025-08/20280819_Anal%C3%BDza%20vybran%C3%BDch%20t%C3%A9mat%20pr%C5%AFmyslov%C3%A9%20transformace_web_144dpi_75%25_0.pdf,2025,2026-10-09,Named in public 2025 Czech startup financing ecosystem table; presence does not establish direct VC fund status
Starcube,accelerator_candidate,RIS3 Analysis of Industrial Transformation - figure 17 (Dealroom 2025),https://ris3.gov.cz/sites/default/files/2025-08/20280819_Anal%C3%BDza%20vybran%C3%BDch%20t%C3%A9mat%20pr%C5%AFmyslov%C3%A9%20transformace_web_144dpi_75%25_0.pdf,2025,2026-10-09,Named in public 2025 Czech startup financing ecosystem table; presence does not establish direct VC fund status
Pale Fire Capital,investment_group_candidate,RIS3 Analysis of Industrial Transformation - figure 17 (Dealroom 2025),https://ris3.gov.cz/sites/default/files/2025-08/20280819_Anal%C3%BDza%20vybran%C3%BDch%20t%C3%A9mat%20pr%C5%AFmyslov%C3%A9%20transformace_web_144dpi_75%25_0.pdf,2025,2026-10-09,Named in public 2025 Czech startup financing ecosystem table; presence does not establish direct VC fund status
Y Soft Ventures,corporate_vc_candidate,RIS3 Analysis of Industrial Transformation - figure 17 (Dealroom 2025),https://ris3.gov.cz/sites/default/files/2025-08/20280819_Anal%C3%BDza%20vybran%C3%BDch%20t%C3%A9mat%20pr%C5%AFmyslov%C3%A9%20transformace_web_144dpi_75%25_0.pdf,2025,2026-10-09,Named in public 2025 Czech startup financing ecosystem table; presence does not establish direct VC fund status
Garage Angels,angel_group_candidate,RIS3 Analysis of Industrial Transformation - figure 17 (Dealroom 2025),https://ris3.gov.cz/sites/default/files/2025-08/20280819_Anal%C3%BDza%20vybran%C3%BDch%20t%C3%A9mat%20pr%C5%AFmyslov%C3%A9%20transformace_web_144dpi_75%25_0.pdf,2025,2026-10-09,Named in public 2025 Czech startup financing ecosystem table; presence does not establish direct VC fund status
JIC Ventures,vc_candidate,RIS3 Analysis of Industrial Transformation - figure 17 (Dealroom 2025),https://ris3.gov.cz/sites/default/files/2025-08/20280819_Anal%C3%BDza%20vybran%C3%BDch%20t%C3%A9mat%20pr%C5%AFmyslov%C3%A9%20transformace_web_144dpi_75%25_0.pdf,2025,2026-10-09,Named in public 2025 Czech startup financing ecosystem table; presence does not establish direct VC fund status
Novira Capital,vc_candidate,RIS3 Analysis of Industrial Transformation - figure 17 (Dealroom 2025),https://ris3.gov.cz/sites/default/files/2025-08/20280819_Anal%C3%BDza%20vybran%C3%BDch%20t%C3%A9mat%20pr%C5%AFmyslov%C3%A9%20transformace_web_144dpi_75%25_0.pdf,2025,2026-10-09,Named in public 2025 Czech startup financing ecosystem table; presence does not establish direct VC fund status
Heartcore Capital,vc_candidate,CzechStartups - Investors directory,https://czechstartups.gov.cz/en/startup-ecosystem/investors/,,2026-10-09,Listed in public directory; investment activity and Czech connection require independent verification
Tachles VC,vc_candidate,CzechStartups - Investors directory,https://czechstartups.gov.cz/en/startup-ecosystem/investors/,,2026-10-09,Listed in public directory; investment activity and Czech connection require independent verification
INVEN Capital,corporate_vc_candidate,CzechStartups - Investors directory,https://czechstartups.gov.cz/en/startup-ecosystem/investors/,,2026-10-09,Listed in public directory; investment activity and Czech connection require independent verification
Springtide Ventures,vc_candidate,CzechStartups - Investors directory,https://czechstartups.gov.cz/en/startup-ecosystem/investors/,,2026-10-09,Listed in public directory; investment activity and Czech connection require independent verification
Credo Ventures,existing_candidate,RIS3 Analysis of Industrial Transformation - figure 17 (Dealroom 2025),https://ris3.gov.cz/sites/default/files/2025-08/20280819_Anal%C3%BDza%20vybran%C3%BDch%20t%C3%A9mat%20pr%C5%AFmyslov%C3%A9%20transformace_web_144dpi_75%25_0.pdf,2025,2026-10-09,Deliberate duplicate sighting to demonstrate exact-name or approved-alias deduplication
N1,existing_candidate,RIS3 Analysis of Industrial Transformation - figure 17 (Dealroom 2025),https://ris3.gov.cz/sites/default/files/2025-08/20280819_Anal%C3%BDza%20vybran%C3%BDch%20t%C3%A9mat%20pr%C5%AFmyslov%C3%A9%20transformace_web_144dpi_75%25_0.pdf,2025,2026-10-09,Deliberate duplicate sighting to demonstrate exact-name or approved-alias deduplication
Depo Ventures,existing_candidate,RIS3 Analysis of Industrial Transformation - figure 17 (Dealroom 2025),https://ris3.gov.cz/sites/default/files/2025-08/20280819_Anal%C3%BDza%20vybran%C3%BDch%20t%C3%A9mat%20pr%C5%AFmyslov%C3%A9%20transformace_web_144dpi_75%25_0.pdf,2025,2026-10-09,Deliberate duplicate sighting to demonstrate exact-name or approved-alias deduplication
Tensor Ventures,existing_candidate,RIS3 Analysis of Industrial Transformation - figure 17 (Dealroom 2025),https://ris3.gov.cz/sites/default/files/2025-08/20280819_Anal%C3%BDza%20vybran%C3%BDch%20t%C3%A9mat%20pr%C5%AFmyslov%C3%A9%20transformace_web_144dpi_75%25_0.pdf,2025,2026-10-09,Deliberate duplicate sighting to demonstrate exact-name or approved-alias deduplication
Tilia Impact Ventures,existing_candidate,RIS3 Analysis of Industrial Transformation - figure 17 (Dealroom 2025),https://ris3.gov.cz/sites/default/files/2025-08/20280819_Anal%C3%BDza%20vybran%C3%BDch%20t%C3%A9mat%20pr%C5%AFmyslov%C3%A9%20transformace_web_144dpi_75%25_0.pdf,2025,2026-10-09,Deliberate duplicate sighting to demonstrate exact-name or approved-alias deduplication
